timestamp,value
2024-12-11 15:27:01,0.17568063887
2024-12-11 15:27:06,0.2396634320999991
2024-12-11 15:27:11,0.18925923008
2024-12-11 15:27:16,0.2163617265
2024-12-11 15:27:21,0.20326285481000003
2024-12-11 15:27:26,0.18993391112
2024-12-11 15:27:31,0.18921512237999996
2024-12-11 15:27:36,0.31261969717000027
2024-12-11 15:27:41,0.2836789631299992
2024-12-11 15:27:46,0.25157589896
2024-12-11 15:27:51,0.24325435463999995
2024-12-11 15:27:56,0.2222673665
2024-12-11 15:28:01,0.21943011617999988
2024-12-11 15:28:06,0.21693449980000035
2024-12-11 15:28:11,0.2186067405599997
2024-12-11 15:28:16,0.21389194473999995
2024-12-11 15:28:21,0.2078190923099999
2024-12-11 15:28:26,0.20572008669999972
2024-12-11 15:28:31,0.20387041434
2024-12-11 15:28:36,0.20570870698000002
2024-12-11 15:28:41,0.20447055460000005
2024-12-11 15:28:46,0.2025452028799995
2024-12-11 15:28:51,0.19974633641000009
2024-12-11 15:28:56,0.19941123923999995
2024-12-11 15:29:01,0.19878534125
2024-12-11 15:29:06,0.1989904989199999
2024-12-11 15:29:11,0.19840659457999998
2024-12-11 15:29:16,0.19835585088000002
2024-12-11 15:29:21,0.19735139150000022
2024-12-11 15:29:26,0.19834043625
2024-12-11 15:29:31,0.19829125624
2024-12-11 15:29:36,0.19666442300000003
2024-12-11 15:29:41,0.19630670644
2024-12-11 15:29:46,0.19622350923999998
2024-12-11 15:29:51,0.19567677979999998
2024-12-11 15:29:56,0.19568624744
2024-12-11 15:30:01,0.195814205
2024-12-11 15:30:06,0.20670702124999998
2024-12-11 15:30:11,0.20881119748
2024-12-11 15:30:16,0.20889861889000003
2024-12-11 15:30:21,0.2082631454400002
2024-12-11 15:30:26,0.2085388324400002
2024-12-11 15:30:31,0.20823113666
2024-12-11 15:30:36,0.20823819214
2024-12-11 15:30:41,0.21010703110000017
2024-12-11 15:30:46,0.20950258100000002
2024-12-11 15:30:51,0.20943529803999997
2024-12-11 15:30:56,0.20945675272
2024-12-11 15:31:01,0.20939478450000001
2024-12-11 15:31:06,0.20925273429999985
2024-12-11 15:31:11,0.20882607771999998
2024-12-11 15:31:16,0.20824325368
2024-12-11 15:31:21,0.20783125919999976
2024-12-11 15:31:26,0.20717057384
2024-12-11 15:31:31,0.20713136359999998
2024-12-11 15:31:36,0.20705066991999999
2024-12-11 15:31:41,0.20686310095
2024-12-11 15:31:46,0.20627203223000012
2024-12-11 15:31:51,0.20588497720000015
2024-12-11 15:31:56,0.20579780485
2024-12-11 15:32:01,0.2055717733999999
2024-12-11 15:32:06,0.20519353419999983
2024-12-11 15:32:11,0.20557723182
2024-12-11 15:32:16,0.2051496312199996
2024-12-11 15:32:21,0.20553356446000007
2024-12-11 15:32:26,0.20509774587999993
2024-12-11 15:32:31,0.2052449039499998
2024-12-11 15:32:36,0.20483391646000002
2024-12-11 15:32:41,0.20464606819999992
2024-12-11 15:32:46,0.20442826090000005
2024-12-11 15:32:51,0.2042282923600001
2024-12-11 15:32:56,0.20414515233000008
2024-12-11 15:33:01,0.20409658575999998
2024-12-11 15:33:06,0.20400066672
2024-12-11 15:33:11,0.20383637280000017
2024-12-11 15:33:16,0.20371608342000005
2024-12-11 15:33:21,0.20385630369999988
2024-12-11 15:33:26,0.20371147007999996
2024-12-11 15:33:31,0.20374633651999993
2024-12-11 15:33:36,0.2036041019599999
2024-12-11 15:33:41,0.20331607288
2024-12-11 15:33:46,0.20299140479999978
2024-12-11 15:33:51,0.20265259738000008
2024-12-11 15:33:56,0.20236466639999978
2024-12-11 15:34:01,0.20211256050999998
2024-12-11 15:34:06,0.20198485006999992
2024-12-11 15:34:11,0.20323385054999996
2024-12-11 15:34:16,0.2028941894999999
2024-12-11 15:34:21,0.20259345645000007
2024-12-11 15:34:26,0.20226106493999998
2024-12-11 15:34:31,0.20208530958999996
2024-12-11 15:34:36,0.2019542320999999
2024-12-11 15:34:41,0.20180164951000001
2024-12-11 15:34:46,0.20147034140000006
2024-12-11 15:34:51,0.20119907519999988
2024-12-11 15:34:56,0.20146073268
2024-12-11 15:35:01,0.20368455892999993
2024-12-11 15:35:06,0.2039838614600001
2024-12-11 15:35:11,0.20387424150999992
2024-12-11 15:35:16,0.20379524076
2024-12-11 15:35:21,0.20369147893999995
2024-12-11 15:35:26,0.20346701277999996
2024-12-11 15:35:31,0.20354094933999986
2024-12-11 15:35:36,0.2032770996899998
2024-12-11 15:35:41,0.2029440435000001
2024-12-11 15:35:46,0.20284353419999998
2024-12-11 15:35:51,0.20267751881000007
2024-12-11 15:35:56,0.20267751881000007
2024-12-11 15:36:01,0.20276172325999997
2024-12-11 15:36:06,0.20281534649999997
2024-12-11 15:36:11,0.20283579639999993
2024-12-11 15:36:16,0.20280816139999994
2024-12-11 15:36:21,0.20274182039000008
2024-12-11 15:36:26,0.2025558463400001
2024-12-11 15:36:31,0.2025195325
2024-12-11 15:36:36,0.20253209782
2024-12-11 15:36:41,0.20249604721
2024-12-11 15:36:46,0.20225969487999995
2024-12-11 15:36:51,0.2020784968600001
2024-12-11 15:36:56,0.20193913680000009
2024-12-11 15:37:01,0.20317290858000003
2024-12-11 15:37:06,0.20326530447000027
2024-12-11 15:37:11,0.20315324988000033
2024-12-11 15:37:16,0.2029419409799999
2024-12-11 15:37:21,0.20286029691999996
2024-12-11 15:37:26,0.20276019226999992
2024-12-11 15:37:31,0.2025643597799999
2024-12-11 15:37:36,0.2025195325
2024-12-11 15:37:41,0.20248484044
2024-12-11 15:37:46,0.20231560133999985
2024-12-11 15:37:51,0.20226279403
2024-12-11 15:37:56,0.20210499080999997
2024-12-11 15:38:01,0.20226381983000002
2024-12-11 15:38:06,0.2021155883899999
2024-12-11 15:38:11,0.20198759155999996
2024-12-11 15:38:16,0.20182043586
2024-12-11 15:38:21,0.20171470019999993
2024-12-11 15:38:26,0.20164459887
2024-12-11 15:38:31,0.20153163201999977
2024-12-11 15:38:36,0.20139288454999998
2024-12-11 15:38:41,0.20169107615000018
2024-12-11 15:38:46,0.2015899103499998
2024-12-11 15:38:51,0.20152078954000002
2024-12-11 15:38:56,0.20139216922
2024-12-11 15:39:01,0.20122867068000022
2024-12-11 15:39:06,0.20163062878000002
2024-12-11 15:39:11,0.20248138065999993
2024-12-11 15:39:16,0.20240920047999983
2024-12-11 15:39:21,0.20226694852
2024-12-11 15:39:26,0.20219176475999992
2024-12-11 15:39:31,0.2020898514099999
2024-12-11 15:39:36,0.20195011519999984
2024-12-11 15:39:41,0.20185954339999984
2024-12-11 15:39:46,0.20173971389999998
2024-12-11 15:39:51,0.20177584479999977
2024-12-11 15:39:56,0.20161967925
2024-12-11 15:40:01,0.20158905325000004
2024-12-11 15:40:06,0.20264098074000003
2024-12-11 15:40:11,0.20572058463999998
2024-12-11 15:40:16,0.2066069325999999
2024-12-11 15:40:21,0.20642661620999983
2024-12-11 15:40:26,0.20613086600000033
2024-12-11 15:40:31,0.20602194800000004
2024-12-11 15:40:36,0.2058054140799998
2024-12-11 15:40:41,0.20571818334999994
2024-12-11 15:40:46,0.20572512041000002
2024-12-11 15:40:51,0.205462605
2024-12-11 15:40:56,0.20527859425
2024-12-11 15:41:01,0.20514102516000002
2024-12-11 15:41:06,0.2049029968799999
2024-12-11 15:41:11,0.2048482078799999
2024-12-11 15:41:16,0.20510567807999963
2024-12-11 15:41:21,0.20489057804000005
2024-12-11 15:41:26,0.2048372500800001
2024-12-11 15:41:31,0.20476714173999994
2024-12-11 15:41:36,0.20457089424999997
2024-12-11 15:41:41,0.20444318665000005
2024-12-11 15:41:46,0.2043210997
2024-12-11 15:41:51,0.20425989482999998
2024-12-11 15:41:56,0.20407952182999983
2024-12-11 15:42:01,0.20399854628
2024-12-11 15:42:06,0.20396048368000003
2024-12-11 15:42:11,0.20439203659999977
2024-12-11 15:42:16,0.20441290869999995
2024-12-11 15:42:21,0.20425480786
2024-12-11 15:42:26,0.20427588245000003
2024-12-11 15:42:31,0.20423155314
2024-12-11 15:42:36,0.20405176096999986
2024-12-11 15:42:41,0.20399619865
2024-12-11 15:42:46,0.20423954695000004
2024-12-11 15:42:51,0.20443636345000007
2024-12-11 15:42:56,0.20429908479999997
2024-12-11 15:43:01,0.2042453606299999
2024-12-11 15:43:06,0.20407820922000006
2024-12-11 15:43:11,0.20399877347
2024-12-11 15:43:16,0.20387245752000002
2024-12-11 15:43:21,0.2037983579
2024-12-11 15:43:26,0.20370608785000013
2024-12-11 15:43:31,0.20400916827999985
2024-12-11 15:43:36,0.20403587895000003
2024-12-11 15:43:41,0.20398146461999989
2024-12-11 15:43:46,0.20383203102000003
2024-12-11 15:43:51,0.2037768222799999
2024-12-11 15:43:56,0.20365841666999993
2024-12-11 15:44:01,0.20352040610000008
2024-12-11 15:44:06,0.20347222030000006
2024-12-11 15:44:11,0.20346150703
2024-12-11 15:44:16,0.20334834106000005
2024-12-11 15:44:21,0.20320086552000002
2024-12-11 15:44:26,0.20309942939999998
2024-12-11 15:44:31,0.20311538798000003
2024-12-11 15:44:36,0.2030416054799998
2024-12-11 15:44:41,0.20297057021999998
2024-12-11 15:44:46,0.20295780751999995
2024-12-11 15:44:51,0.20290840813999994
2024-12-11 15:44:56,0.20289287101999998
2024-12-11 15:45:01,0.20290554976
2024-12-11 15:45:06,0.2028942185
2024-12-11 15:45:11,0.20375205260000018
2024-12-11 15:45:16,0.2038033365
2024-12-11 15:45:21,0.20375776867999998
2024-12-11 15:45:26,0.20365145609999974
2024-12-11 15:45:31,0.20350465305000026
2024-12-11 15:45:36,0.2034403221799999
2024-12-11 15:45:41,0.20339758214000012
2024-12-11 15:45:46,0.2033011137199997
2024-12-11 15:45:51,0.20312597773000005
2024-12-11 15:45:56,0.20307148202000022
2024-12-11 15:46:01,0.20298950974999994
2024-12-11 15:46:06,0.20328723320000022
2024-12-11 15:46:11,0.20332055323999987
2024-12-11 15:46:16,0.2033384504800001
2024-12-11 15:46:21,0.2031900695599995
2024-12-11 15:46:26,0.20309245781999988
2024-12-11 15:46:31,0.20310818695000013
2024-12-11 15:46:36,0.20308714613999998
2024-12-11 15:46:41,0.20300038659999992
2024-12-11 15:46:46,0.20297076649999998
2024-12-11 15:46:51,0.20296001919999992
2024-12-11 15:46:56,0.20294453744
2024-12-11 15:47:01,0.2029222917000001
2024-12-11 15:47:06,0.20293862529999987
2024-12-11 15:47:11,0.20288433697999994
2024-12-11 15:47:16,0.20285271623999998
2024-12-11 15:47:21,0.20280887139999987
2024-12-11 15:47:26,0.202664629
2024-12-11 15:47:31,0.2026485708
2024-12-11 15:47:36,0.20286544091999997
2024-12-11 15:47:41,0.20285382971999993
2024-12-11 15:47:46,0.2028099727600001
2024-12-11 15:47:51,0.2026647268
2024-12-11 15:47:56,0.20265011960000004
2024-12-11 15:48:01,0.20253960209000002
2024-12-11 15:48:06,0.20252705500000004
2024-12-11 15:48:11,0.20250512125
2024-12-11 15:48:16,0.20249245684999995
2024-12-11 15:48:21,0.20246999425999998
2024-12-11 15:48:26,0.20246427491
2024-12-11 15:48:31,0.20238283241000002
2024-12-11 15:48:36,0.20235309036000002
2024-12-11 15:48:41,0.20237000649000003
2024-12-11 15:48:46,0.2023523582
2024-12-11 15:48:51,0.20228081567999967
2024-12-11 15:48:56,0.20225525507999995
2024-12-11 15:49:01,0.20217179925
2024-12-11 15:49:06,0.20214189830999993
2024-12-11 15:49:11,0.20209363626000013
2024-12-11 15:49:16,0.20226161909999996
2024-12-11 15:49:21,0.20219930868000002
2024-12-11 15:49:26,0.2021554687699999
2024-12-11 15:49:31,0.20212240111999993
2024-12-11 15:49:36,0.2020777398900002
2024-12-11 15:49:41,0.20197751620000004
2024-12-11 15:49:46,0.20188611673999995
2024-12-11 15:49:51,0.20180335736000013
2024-12-11 15:49:56,0.20181155504000003
2024-12-11 15:50:01,0.2019989781
2024-12-11 15:50:06,0.20202311715
2024-12-11 15:50:11,0.20294177284000003
2024-12-11 15:50:16,0.20290159107999997
2024-12-11 15:50:21,0.20287634619999995
2024-12-11 15:50:26,0.20284622094000002
2024-12-11 15:50:31,0.20287614044000005
2024-12-11 15:50:36,0.20284584977999992
2024-12-11 15:50:41,0.20279814000000004
2024-12-11 15:50:46,0.20270616675999958
2024-12-11 15:50:51,0.2026585676
2024-12-11 15:50:56,0.202662999
2024-12-11 15:51:01,0.20260267025999998
2024-12-11 15:51:06,0.20253778329
2024-12-11 15:51:11,0.20252062374999993
2024-12-11 15:51:16,0.20251159
2024-12-11 15:51:21,0.20250301352
2024-12-11 15:51:26,0.20248018369999993
2024-12-11 15:51:31,0.20246699207
2024-12-11 15:51:36,0.20246532908
2024-12-11 15:51:41,0.2024161309099998
2024-12-11 15:51:46,0.20235713980000003
2024-12-11 15:51:51,0.20279068420000002
2024-12-11 15:51:56,0.2026655418
2024-12-11 15:52:01,0.202725177
2024-12-11 15:52:06,0.20266260779999998
2024-12-11 15:52:11,0.20265870840000005
2024-12-11 15:52:16,0.20256542396000013
2024-12-11 15:52:21,0.20254110260000002
2024-12-11 15:52:26,0.20265363960000002
2024-12-11 15:52:31,0.20277626702000004
2024-12-11 15:52:36,0.2026640422
2024-12-11 15:52:41,0.20264843
2024-12-11 15:52:46,0.20254010226
2024-12-11 15:52:51,0.20253194500000002
2024-12-11 15:52:56,0.202510465
2024-12-11 15:53:01,0.20251658125000005
2024-12-11 15:53:06,0.20251130874999998
2024-12-11 15:53:11,0.20253914739
2024-12-11 15:53:16,0.20263353148000005
2024-12-11 15:53:21,0.20253919286
2024-12-11 15:53:26,0.20252944374999998
2024-12-11 15:53:31,0.2025061525
2024-12-11 15:53:36,0.20249712509999995
2024-12-11 15:53:41,0.20248722840999994
2024-12-11 15:53:46,0.20246862484
2024-12-11 15:53:51,0.2024586623599999
2024-12-11 15:53:56,0.20236880406000007
2024-12-11 15:54:01,0.20242987183999972
2024-12-11 15:54:06,0.20235641460000003
2024-12-11 15:54:11,0.2023558966
2024-12-11 15:54:16,0.20247670043
2024-12-11 15:54:21,0.20246582633000001
2024-12-11 15:54:26,0.20237922511999987
2024-12-11 15:54:31,0.20235258348
2024-12-11 15:54:36,0.20226741013
2024-12-11 15:54:41,0.20226674335999997
2024-12-11 15:54:46,0.20222200853999983
2024-12-11 15:54:51,0.20225199148
2024-12-11 15:54:56,0.20215517376000006
2024-12-11 15:55:01,0.20213194736
2024-12-11 15:55:06,0.20310776336000003
2024-12-11 15:55:11,0.20947009375
2024-12-11 15:55:16,0.209827334
2024-12-11 15:55:21,0.20957996080000008
2024-12-11 15:55:26,0.20982004560000003
2024-12-11 15:55:31,0.21177052069
2024-12-11 15:55:36,0.21185767339999984
2024-12-11 15:55:41,0.21232586567999975
2024-12-11 15:55:46,0.2119915415
2024-12-11 15:55:51,0.21279646648000006
2024-12-11 15:55:56,0.2126210892599999
2024-12-11 15:56:01,0.21292422424999996
2024-12-11 15:56:06,0.21269251967999997
2024-12-11 15:56:11,0.21379361668
2024-12-11 15:56:16,0.21748110839999993
2024-12-11 15:56:21,0.21817088931999995
2024-12-11 15:56:26,0.21789784165999998
2024-12-11 15:56:31,0.21899919804999993
2024-12-11 15:56:36,0.22069011655999982
2024-12-11 15:56:41,0.2222159199800003
2024-12-11 15:56:46,0.22294737991999997
2024-12-11 15:56:51,0.22319333436
2024-12-11 15:56:56,0.22250705137999985
2024-12-11 15:57:01,0.22294074552
2024-12-11 15:57:06,0.22258000787999993
2024-12-11 15:57:11,0.22256737312000008
2024-12-11 15:57:16,0.22318987331999998
2024-12-11 15:57:21,0.23773397604999988
2024-12-11 15:57:26,0.23744408134
2024-12-11 15:57:31,0.2366410940800002
2024-12-11 15:57:36,0.23634623636000002
2024-12-11 15:57:41,0.25364266368000016
2024-12-11 15:57:46,0.2827896872000001
2024-12-11 15:57:51,0.2826722799600002
2024-12-11 15:57:56,0.28969705699999976
2024-12-11 15:58:01,0.2881140090799991
2024-12-11 15:58:06,0.2857148632500005
2024-12-11 15:58:11,0.2841587051999994
2024-12-11 15:58:16,0.2877110778000008
2024-12-11 15:58:21,0.28500966871000066
2024-12-11 15:58:26,0.2838726366900008
2024-12-11 15:58:31,0.28402588212000013
2024-12-11 15:58:36,0.36989451274000024
2024-12-11 15:58:41,0.433183055380004
2024-12-11 15:58:46,0.4502168210499992
2024-12-11 15:58:51,0.47481452006999875
2024-12-11 15:58:56,0.46985079046999967
2024-12-11 15:59:01,0.48000751625000004
2024-12-11 15:59:06,0.4788012077200003
2024-12-11 15:59:11,0.47594892160000013
2024-12-11 15:59:16,0.47275126345999935
2024-12-11 15:59:21,0.4685778073999998
2024-12-11 15:59:26,0.46550983141999885
2024-12-11 15:59:31,0.46241005259999995
2024-12-11 15:59:36,0.45835537085000233
2024-12-11 15:59:41,0.45568150093
2024-12-11 15:59:46,0.45294544074999876
2024-12-11 15:59:51,0.4500484100800003
2024-12-11 15:59:56,0.4464156128499984
2024-12-11 16:00:01,0.4435871848600001
2024-12-11 16:00:06,0.44170271499999997
2024-12-11 16:00:11,0.4725493738500014
2024-12-11 16:00:16,0.46859660995999974
2024-12-11 16:00:21,0.46587562956000056
2024-12-11 16:00:26,0.4634136239600004
2024-12-11 16:00:31,0.46066249424999994
2024-12-11 16:00:36,0.46240928589999997
2024-12-11 16:00:41,0.46755614284000024
2024-12-11 16:00:46,0.46432347723999995
2024-12-11 16:00:51,0.4622958514800031
2024-12-11 16:00:56,0.4588839940000008
2024-12-11 16:01:01,0.4567473159900001
2024-12-11 16:01:06,0.4546622225999998
2024-12-11 16:01:11,0.4527946594300003
2024-12-11 16:01:16,0.4511050191600007
2024-12-11 16:01:21,0.44917454684000274
2024-12-11 16:01:26,0.4467300189400013
2024-12-11 16:01:31,0.44419213080000086
2024-12-11 16:01:36,0.44264636625999987
2024-12-11 16:01:41,0.4416171843200001
2024-12-11 16:01:46,0.4394891162799983
2024-12-11 16:01:51,0.4374519100999995
2024-12-11 16:01:56,0.43627889838
2024-12-11 16:02:01,0.43431114939999754
2024-12-11 16:02:06,0.4313872640800004
2024-12-11 16:02:11,0.4301430446600002
2024-12-11 16:02:16,0.42802228851999924
2024-12-11 16:02:21,0.42608772266000017
2024-12-11 16:02:26,0.4244890694400012
2024-12-11 16:02:31,0.4224772905199997
2024-12-11 16:02:36,0.4220444524799995
2024-12-11 16:02:41,0.4205877860200001
2024-12-11 16:02:46,0.41903149459999933
2024-12-11 16:02:51,0.4177413309999987
2024-12-11 16:02:56,0.4161147728500027
2024-12-11 16:03:01,0.41445971075
2024-12-11 16:03:06,0.4128568257499981
2024-12-11 16:03:11,0.4121397091200002
2024-12-11 16:03:16,0.41314661244999773
2024-12-11 16:03:21,0.4114603668800002
2024-12-11 16:03:26,0.4089459734599996
2024-12-11 16:03:31,0.4072797141500009
2024-12-11 16:03:36,0.4062690385499994
2024-12-11 16:03:41,0.4069801263499999
2024-12-11 16:03:46,0.405532086879999
2024-12-11 16:03:51,0.4044011938000002
2024-12-11 16:03:56,0.40261734899999924
2024-12-11 16:04:01,0.40101077019999937
2024-12-11 16:04:06,0.3993308804800004
2024-12-11 16:04:11,0.39793406990999985
2024-12-11 16:04:16,0.3965126533400001
2024-12-11 16:04:21,0.3952876518599978
2024-12-11 16:04:26,0.3941203638999994
2024-12-11 16:04:31,0.3932740516599995
2024-12-11 16:04:36,0.39204631008999896
2024-12-11 16:04:41,0.3908071682000011
2024-12-11 16:04:46,0.3898212812800018
2024-12-11 16:04:51,0.3890791955799996
2024-12-11 16:04:56,0.3881252234199992
2024-12-11 16:05:01,0.38723093958999993
2024-12-11 16:05:06,0.3862242080899979
2024-12-11 16:05:11,0.3855778484999999
2024-12-11 16:05:16,0.38928820660000213
2024-12-11 16:05:21,0.3881900406199993
2024-12-11 16:05:26,0.38725158223
2024-12-11 16:05:31,0.38644415463999815
2024-12-11 16:05:36,0.3860694773
2024-12-11 16:05:41,0.38584539843999993
2024-12-11 16:05:46,0.38520904212000057
2024-12-11 16:05:51,0.38402045004000046
2024-12-11 16:05:56,0.3827494414
2024-12-11 16:06:01,0.3819008519000004
2024-12-11 16:06:06,0.3827282939699998
2024-12-11 16:06:11,0.3818720202199998
2024-12-11 16:06:16,0.3815371053600002
2024-12-11 16:06:21,0.3809131956300003
2024-12-11 16:06:26,0.3803005754500006
2024-12-11 16:06:31,0.379705827759999
2024-12-11 16:06:36,0.37879970203999846
2024-12-11 16:06:41,0.3780840104699998
2024-12-11 16:06:46,0.37747955254000065
2024-12-11 16:06:51,0.3764889921499994
2024-12-11 16:06:56,0.37609402663000135
2024-12-11 16:07:01,0.3758024783599999
2024-12-11 16:07:06,0.37558481559999735
2024-12-11 16:07:11,0.37571086625
2024-12-11 16:07:16,0.3750955073999985
2024-12-11 16:07:21,0.40092157607999984
2024-12-11 16:07:26,0.4012494681000008
2024-12-11 16:07:31,0.40041275104
2024-12-11 16:07:36,0.4006814876000007
2024-12-11 16:07:41,0.40152667455999974
2024-12-11 16:07:46,0.40087404770999996
2024-12-11 16:07:51,0.4438135250800014
2024-12-11 16:07:56,0.4432004959200006
2024-12-11 16:08:01,0.44214129939999564
2024-12-11 16:08:06,0.4410638465600004
2024-12-11 16:08:11,0.43981610207000155
2024-12-11 16:08:16,0.4385347091999997
2024-12-11 16:08:21,0.4372136588000001
2024-12-11 16:08:26,0.4386612338399976
2024-12-11 16:08:31,0.44090436512999986
2024-12-11 16:08:36,0.43946153785000025
2024-12-11 16:08:41,0.43816458027000005
2024-12-11 16:08:46,0.43695227230000017
2024-12-11 16:08:51,0.4358152753000002
2024-12-11 16:08:56,0.43407789820000114
2024-12-11 16:09:01,0.43306457816
2024-12-11 16:09:06,0.43147298618999974
2024-12-11 16:09:11,0.4316839171299995
2024-12-11 16:09:16,0.43072717766000057
2024-12-11 16:09:21,0.4311318678000023
2024-12-11 16:09:26,0.4301367212100001
2024-12-11 16:09:31,0.42882086517000056
2024-12-11 16:09:36,0.42871972080999965
2024-12-11 16:09:41,0.4276807336400006
2024-12-11 16:09:46,0.42623353892000015
2024-12-11 16:09:51,0.4254375807599999
2024-12-11 16:09:56,0.42594637832
2024-12-11 16:10:01,0.4248276666999999
2024-12-11 16:10:06,0.42394301829999875
2024-12-11 16:10:11,0.4243118879200017
2024-12-11 16:10:16,0.42344341417000003
2024-12-11 16:10:21,0.4227564744799988
2024-12-11 16:10:26,0.4217836492799959
2024-12-11 16:10:31,0.4210502009499996
2024-12-11 16:10:36,0.4209029744399984
2024-12-11 16:10:41,0.4202998582499999
2024-12-11 16:10:46,0.42085559948000006
2024-12-11 16:10:51,0.42136373378000097
2024-12-11 16:10:56,0.42070327431999693
2024-12-11 16:11:01,0.4202785034399999
2024-12-11 16:11:06,0.41946224982000013
2024-12-11 16:11:11,0.42027953862
2024-12-11 16:11:16,0.419870368400002
2024-12-11 16:11:21,0.41944805698
2024-12-11 16:11:26,0.4189866004400011
2024-12-11 16:11:31,0.41843605300000003
2024-12-11 16:11:36,0.41782016652
2024-12-11 16:11:41,0.4173349203200002
2024-12-11 16:11:46,0.4166649118500008
2024-12-11 16:11:51,0.41614522205000065
2024-12-11 16:11:56,0.41554329065999973
2024-12-11 16:12:01,0.4151903803999928
2024-12-11 16:12:06,0.4144384741000004
2024-12-11 16:12:11,0.4137696286399997
2024-12-11 16:12:16,0.4140976792699988
2024-12-11 16:12:21,0.41379972550000005
2024-12-11 16:12:26,0.41357625405000076
2024-12-11 16:12:31,0.4133644592800007
2024-12-11 16:12:36,0.41287891970000096
2024-12-11 16:12:41,0.4126688285200002
2024-12-11 16:12:46,0.4122945553000004
2024-12-11 16:12:51,0.41193472948000043
2024-12-11 16:12:56,0.4117336162600007
2024-12-11 16:13:01,0.4114062182500003
2024-12-11 16:13:06,0.41113644939999955
2024-12-11 16:13:11,0.41081466695000146
2024-12-11 16:13:16,0.41036079784999974
2024-12-11 16:13:21,0.41009609536000025
2024-12-11 16:13:26,0.40994041079
2024-12-11 16:13:31,0.4096583045600028
2024-12-11 16:13:36,0.4091498235999926
2024-12-11 16:13:41,0.40884109911
2024-12-11 16:13:46,0.4087122772000008
2024-12-11 16:13:51,0.40857872028999986
2024-12-11 16:13:56,0.4085051202600011
2024-12-11 16:14:01,0.40835715435000014
2024-12-11 16:14:06,0.40833375725999865
2024-12-11 16:14:11,0.40817965500000003
2024-12-11 16:14:16,0.40812945013999974
2024-12-11 16:14:21,0.4080885336000021
2024-12-11 16:14:26,0.4079830528100002
2024-12-11 16:14:31,0.40789883642999997
2024-12-11 16:14:36,0.4077861953000001
2024-12-11 16:14:41,0.4077126245
2024-12-11 16:14:46,0.40749701072000016
2024-12-11 16:14:51,0.40748498640000025
2024-12-11 16:14:56,0.40747791789999993
2024-12-11 16:15:01,0.40747474876000006
2024-12-11 16:15:06,0.4074677588199999
2024-12-11 16:15:11,0.40746370059000003
2024-12-11 16:15:16,0.40731985814999816
2024-12-11 16:15:21,0.4072767588800005
2024-12-11 16:15:26,0.4072082438799997
2024-12-11 16:15:31,0.4071785210000001
2024-12-11 16:15:36,0.40716724893000006
2024-12-11 16:15:41,0.40715627301999957
2024-12-11 16:15:46,0.40711889907999943
2024-12-11 16:15:51,0.40704988714999957
2024-12-11 16:15:56,0.40702820637000053
2024-12-11 16:16:01,0.4069992729199997
2024-12-11 16:16:06,0.4069819569999999
2024-12-11 16:16:11,0.4069788314999999
2024-12-11 16:16:16,0.40693460123999947
2024-12-11 16:16:21,0.406893363
2024-12-11 16:16:26,0.40686202860999965
2024-12-11 16:16:31,0.406756340280001
2024-12-11 16:16:36,0.4067044757999998
2024-12-11 16:16:41,0.4066993501699999
2024-12-11 16:16:46,0.40669017965000065
2024-12-11 16:16:51,0.40660721525
2024-12-11 16:16:56,0.40653904255999895
2024-12-11 16:17:01,0.40649804635999964
2024-12-11 16:17:06,0.4064326785400005
2024-12-11 16:17:11,0.40632717543999775
2024-12-11 16:17:16,0.4062440084499989
2024-12-11 16:17:21,0.4062006873599999
2024-12-11 16:17:26,0.4061338357999989
2024-12-11 16:17:31,0.4060314226200015
2024-12-11 16:17:36,0.40595303304000013
2024-12-11 16:17:41,0.405926792539999
2024-12-11 16:17:46,0.4058736008499998
2024-12-11 16:17:51,0.40584686033999906
2024-12-11 16:17:56,0.4057608539600008
2024-12-11 16:18:01,0.4056407429200003
2024-12-11 16:18:06,0.4055612925700009
2024-12-11 16:18:11,0.40552777308999993
2024-12-11 16:18:16,0.40543405639999947
2024-12-11 16:18:21,0.40541822737999994
2024-12-11 16:18:26,0.4053719623600001
2024-12-11 16:18:31,0.40518263919999603
2024-12-11 16:18:36,0.40514197571999955
2024-12-11 16:18:41,0.4051118123699993
2024-12-11 16:18:46,0.40505288979999987
2024-12-11 16:18:51,0.40502316884999967
2024-12-11 16:18:56,0.40489970660000013
2024-12-11 16:19:01,0.40486968011999924
2024-12-11 16:19:06,0.40475435360000067
2024-12-11 16:19:11,0.4046531465500007
2024-12-11 16:19:16,0.4045992997
2024-12-11 16:19:21,0.4045853304099993
2024-12-11 16:19:26,0.40455540722999994
2024-12-11 16:19:31,0.40447323696000004
2024-12-11 16:19:36,0.40446641207999984
2024-12-11 16:19:41,0.4044167490199997
2024-12-11 16:19:46,0.40440263266
2024-12-11 16:19:51,0.40435694832000013
2024-12-11 16:19:56,0.4042588734499987
2024-12-11 16:20:01,0.4041685772
2024-12-11 16:20:06,0.40410818972000045
2024-12-11 16:20:11,0.4039524006399959
2024-12-11 16:20:16,0.40380805155999916
2024-12-11 16:20:21,0.4037023602400031
2024-12-11 16:20:26,0.4035199232200015
2024-12-11 16:20:31,0.40347315629999997
2024-12-11 16:20:36,0.40338575627999995
2024-12-11 16:20:41,0.40409427061999825
2024-12-11 16:20:46,0.40393706811999647
2024-12-11 16:20:51,0.40380111003999947
2024-12-11 16:20:56,0.40367112925
2024-12-11 16:21:01,0.4034978861199981
2024-12-11 16:21:06,0.4034471922700002
2024-12-11 16:21:11,0.40337896760000036
2024-12-11 16:21:16,0.4033863340399997
2024-12-11 16:21:21,0.40327817243999975
2024-12-11 16:21:26,0.40324925021999947
2024-12-11 16:21:31,0.4032265482899995
2024-12-11 16:21:36,0.40316452648000006
2024-12-11 16:21:41,0.40313496505
2024-12-11 16:21:46,0.4030844353799993
2024-12-11 16:21:51,0.4029331656499994
2024-12-11 16:21:56,0.4028463978800001
2024-12-11 16:22:01,0.40283434235999865
2024-12-11 16:22:06,0.4027567251199998
2024-12-11 16:22:11,0.402730705859999
2024-12-11 16:22:16,0.4026587213500001
2024-12-11 16:22:21,0.402610059249999
2024-12-11 16:22:26,0.4024937026100002
2024-12-11 16:22:31,0.40243884320000006
2024-12-11 16:22:36,0.4023893833500008
2024-12-11 16:22:41,0.4023355647199987
2024-12-11 16:22:46,0.40226469663999986
2024-12-11 16:22:51,0.40222829172000024
2024-12-11 16:22:56,0.4024188803999992
2024-12-11 16:23:01,0.40235771050000013
2024-12-11 16:23:06,0.4022913547799996
2024-12-11 16:23:11,0.4022418636799995
2024-12-11 16:23:16,0.4021951785
2024-12-11 16:23:21,0.4021028521199996
2024-12-11 16:23:26,0.4020654121800001
2024-12-11 16:23:31,0.4018019054399943
2024-12-11 16:23:36,0.40169921612000303
2024-12-11 16:23:41,0.40153083795999983
2024-12-11 16:23:46,0.40150628484999973
2024-12-11 16:23:51,0.4014792334599999
2024-12-11 16:23:56,0.40146903682000007
2024-12-11 16:24:01,0.40146432370000007
2024-12-11 16:24:06,0.4014114957800009
2024-12-11 16:24:11,0.4013375898399995
2024-12-11 16:24:16,0.4012925980999993
2024-12-11 16:24:21,0.4012334573000002
2024-12-11 16:24:26,0.4012082245899998
2024-12-11 16:24:31,0.4011404878999995
2024-12-11 16:24:36,0.4032708353000003
2024-12-11 16:24:41,0.4032497810799999
2024-12-11 16:24:46,0.4032236447400001
2024-12-11 16:24:51,0.40316492632000006
2024-12-11 16:24:56,0.4031598757000006
2024-12-11 16:25:01,0.40313242929999976
2024-12-11 16:25:06,0.40304653125
2024-12-11 16:25:11,0.40292782346000033
2024-12-11 16:25:16,0.4028456535099998
2024-12-11 16:25:21,0.4028359022700001
2024-12-11 16:25:26,0.40275766576
2024-12-11 16:25:31,0.40274861718999877
2024-12-11 16:25:36,0.40267768754999883
2024-12-11 16:25:41,0.4026465080000003
2024-12-11 16:25:46,0.40253915729999795
2024-12-11 16:25:51,0.4024677464899993
2024-12-11 16:25:56,0.40242632660000005
2024-12-11 16:26:01,0.4023648082499996
2024-12-11 16:26:06,0.40230345152000085
2024-12-11 16:26:11,0.40224833559999973
2024-12-11 16:26:16,0.4022172121200022
2024-12-11 16:26:21,0.4021085333200002
2024-12-11 16:26:26,0.4020680982600006
2024-12-11 16:26:31,0.4019427661599994
2024-12-11 16:26:36,0.40177780759999976
2024-12-11 16:26:41,0.40158288661999963
2024-12-11 16:26:46,0.4015226036799997
2024-12-11 16:26:51,0.40148784565
2024-12-11 16:26:56,0.4014728491599997
2024-12-11 16:27:01,0.40146764662
2024-12-11 16:27:06,0.4014611837399999
2024-12-11 16:27:11,0.40136609833999715
2024-12-11 16:27:16,0.4013271866400004
2024-12-11 16:27:21,0.4012695935000012
2024-12-11 16:27:26,0.4012271898399999
2024-12-11 16:27:31,0.4012022665099996
2024-12-11 16:27:36,0.40111673449999824
2024-12-11 16:27:41,0.4010439365
2024-12-11 16:27:46,0.40101492477999934
2024-12-11 16:27:51,0.40100115855999985
2024-12-11 16:27:56,0.4009398622300001
2024-12-11 16:28:01,0.4009093785399999
2024-12-11 16:28:06,0.40087384631000006
2024-12-11 16:28:11,0.4008176508000013
2024-12-11 16:28:16,0.40075214876
2024-12-11 16:28:21,0.40073143441000003
2024-12-11 16:28:26,0.4006262036299985
2024-12-11 16:28:31,0.4005134173599998
2024-12-11 16:28:36,0.40041312351999997
2024-12-11 16:28:41,0.4003649525999996
2024-12-11 16:28:46,0.40032124396
2024-12-11 16:28:51,0.40031404660000003
2024-12-11 16:28:56,0.40020025401999976
2024-12-11 16:29:01,0.40018157147
2024-12-11 16:29:06,0.4001739627399999
2024-12-11 16:29:11,0.4001191796400004
2024-12-11 16:29:16,0.4000573759700016
2024-12-11 16:29:21,0.39994056821999896
2024-12-11 16:29:26,0.3998240415199997
2024-12-11 16:29:31,0.3997435562000008
2024-12-11 16:29:36,0.39969237719999956
2024-12-11 16:29:41,0.39967203876000074
2024-12-11 16:29:46,0.39952727114000247
2024-12-11 16:29:51,0.3994270030000003
2024-12-11 16:29:56,0.3993925111999998
2024-12-11 16:30:01,0.39938517025
2024-12-11 16:30:06,0.39937159242
2024-12-11 16:30:11,0.39933565979999913
2024-12-11 16:30:16,0.39939031375999995
2024-12-11 16:30:21,0.39938057263
2024-12-11 16:30:26,0.3993668017999998
2024-12-11 16:30:31,0.39932234098000036
2024-12-11 16:30:36,0.39930325269
2024-12-11 16:30:41,0.4010185502000002
2024-12-11 16:30:46,0.4010015034400002
2024-12-11 16:30:51,0.4009391920599995
2024-12-11 16:30:56,0.4008990503800003
2024-12-11 16:31:01,0.40086598864999884
2024-12-11 16:31:06,0.4007806385
2024-12-11 16:31:11,0.40073317903999994
2024-12-11 16:31:16,0.40067653135999975
2024-12-11 16:31:21,0.40053159215999856
2024-12-11 16:31:26,0.40041400815999995
2024-12-11 16:31:31,0.4003718009999993
2024-12-11 16:31:36,0.40032109443999986
2024-12-11 16:31:41,0.40031371774
2024-12-11 16:31:46,0.4001934790700002
2024-12-11 16:31:51,0.4001798385400001
2024-12-11 16:31:56,0.40016861733
2024-12-11 16:32:01,0.4000884223700003
2024-12-11 16:32:06,0.39999731597999727
2024-12-11 16:32:11,0.39990202527999913
2024-12-11 16:32:16,0.3998044986399998
2024-12-11 16:32:21,0.39971981373999926
2024-12-11 16:32:26,0.3996823368299994
2024-12-11 16:32:31,0.3996576724800006
2024-12-11 16:32:36,0.3994792581199992
2024-12-11 16:32:41,0.3994169929999993
2024-12-11 16:32:46,0.39939035982
2024-12-11 16:32:51,0.3993804516399998
2024-12-11 16:32:56,0.3993666083899996
2024-12-11 16:33:01,0.39932390789999955
2024-12-11 16:33:06,0.39930338583999997
2024-12-11 16:33:11,0.399274521
2024-12-11 16:33:16,0.39913057757999576
2024-12-11 16:33:21,0.39907554159999997
2024-12-11 16:33:26,0.3990278943999986
2024-12-11 16:33:31,0.3989380377299973
2024-12-11 16:33:36,0.3988901322
2024-12-11 16:33:41,0.39888156148000004
2024-12-11 16:33:46,0.3988731814599997
2024-12-11 16:33:51,0.39886535165000003
2024-12-11 16:33:56,0.3988232282299991
2024-12-11 16:34:01,0.3987637816499937
2024-12-11 16:34:06,0.3985310058000001
2024-12-11 16:34:11,0.3985116431400001
2024-12-11 16:34:16,0.3983719977199984
2024-12-11 16:34:21,0.398262973469997
2024-12-11 16:34:26,0.3980774184800011
2024-12-11 16:34:31,0.39806224599999995
2024-12-11 16:34:36,0.3979267009200019
2024-12-11 16:34:41,0.39781908635999974
2024-12-11 16:34:46,0.3977405012000001
2024-12-11 16:34:51,0.3976900264399996
2024-12-11 16:34:56,0.39764942511999984
2024-12-11 16:35:01,0.3975222974099956
2024-12-11 16:35:06,0.39747935560000053
2024-12-11 16:35:11,0.397360846000001
2024-12-11 16:35:16,0.39725375085999953
2024-12-11 16:35:21,0.3971558412199984
2024-12-11 16:35:26,0.39699102068999875
2024-12-11 16:35:31,0.3968781138399995
2024-12-11 16:35:36,0.39682999993999996
2024-12-11 16:35:41,0.3967883195000009
2024-12-11 16:35:46,0.39673273052000024
2024-12-11 16:35:51,0.39667193495
2024-12-11 16:35:56,0.3966602798
2024-12-11 16:36:01,0.39661183609999906
2024-12-11 16:36:06,0.3965609266000006
2024-12-11 16:36:11,0.39651427945000023
2024-12-11 16:36:16,0.39649300002
2024-12-11 16:36:21,0.39647316329999943
2024-12-11 16:36:26,0.39638361631999663
2024-12-11 16:36:31,0.39626257968000056
2024-12-11 16:36:36,0.39622178589999923
2024-12-11 16:36:41,0.39612904200000004
2024-12-11 16:36:46,0.3960995298799994
2024-12-11 16:36:51,0.39604493058000007
2024-12-11 16:36:56,0.39600404291999974
2024-12-11 16:37:01,0.39595026029999886
2024-12-11 16:37:06,0.395879033
2024-12-11 16:37:11,0.3957620632699999
2024-12-11 16:37:16,0.3957011537999997
2024-12-11 16:37:21,0.39567826528
2024-12-11 16:37:26,0.3956160612199982
2024-12-11 16:37:31,0.39553793235999996
2024-12-11 16:37:36,0.39552927656000014
2024-12-11 16:37:41,0.39550354798
2024-12-11 16:37:46,0.3953793111999981
2024-12-11 16:37:51,0.39530119527999985
2024-12-11 16:37:56,0.3951970876400005
2024-12-11 16:38:01,0.3951659196999999
2024-12-11 16:38:06,0.3951368060800003
2024-12-11 16:38:11,0.39508208378999987
2024-12-11 16:38:16,0.39505785736
2024-12-11 16:38:21,0.39500536595000135
2024-12-11 16:38:26,0.3949380350999994
2024-12-11 16:38:31,0.39486777960000535
2024-12-11 16:38:36,0.394632682649999
2024-12-11 16:38:41,0.39450988530000114
2024-12-11 16:38:46,0.39442397843000004
2024-12-11 16:38:51,0.3943798283000007
2024-12-11 16:38:56,0.3943286301499998
2024-12-11 16:39:01,0.3943163746499999
2024-12-11 16:39:06,0.394267745
2024-12-11 16:39:11,0.3941435177999996
2024-12-11 16:39:16,0.39412553197000005
2024-12-11 16:39:21,0.39408564435999993
2024-12-11 16:39:26,0.39407766985999987
2024-12-11 16:39:31,0.39404848692000055
2024-12-11 16:39:36,0.39402609591999993
2024-12-11 16:39:41,0.3939553623699998
2024-12-11 16:39:46,0.3939112194400004
2024-12-11 16:39:51,0.3938500244799988
2024-12-11 16:39:56,0.39383215145999956
2024-12-11 16:40:01,0.3937381658800019
2024-12-11 16:40:06,0.3936723019399998
2024-12-11 16:40:11,0.3936273039200008
2024-12-11 16:40:16,0.3935650616599998
2024-12-11 16:40:21,0.39351027183000037
2024-12-11 16:40:26,0.39347481450000016
2024-12-11 16:40:31,0.39345495268
2024-12-11 16:40:36,0.3933974652599998
2024-12-11 16:40:41,0.39336691139999985
2024-12-11 16:40:46,0.39332516622999797
2024-12-11 16:40:51,0.3932730052300005
2024-12-11 16:40:56,0.3932358333400001
2024-12-11 16:41:01,0.39314762842000023
2024-12-11 16:41:06,0.39310870802999975
2024-12-11 16:41:11,0.3930654014099989
2024-12-11 16:41:16,0.3930156805199997
2024-12-11 16:41:21,0.3929013372300018
2024-12-11 16:41:26,0.3926689803200003
2024-12-11 16:41:31,0.39255011175999865
2024-12-11 16:41:36,0.3924269521800017
2024-12-11 16:41:41,0.39212615464000056
2024-12-11 16:41:46,0.391936058659996
2024-12-11 16:41:51,0.3918115803799995
2024-12-11 16:41:56,0.3915102750199998
2024-12-11 16:42:01,0.3912693902400004
2024-12-11 16:42:06,0.39110251886000025
2024-12-11 16:42:11,0.3910385195999996
2024-12-11 16:42:16,0.3909872696600001
2024-12-11 16:42:21,0.39082184104000117
2024-12-11 16:42:26,0.39070451504000026
2024-12-11 16:42:31,0.3905683821899996
2024-12-11 16:42:36,0.3904023099800001
2024-12-11 16:42:41,0.3902209305400001
2024-12-11 16:42:46,0.3900340184599998
2024-12-11 16:42:51,0.38982776447999956
2024-12-11 16:42:56,0.38953918613999944
2024-12-11 16:43:01,0.3891826575599982
2024-12-11 16:43:06,0.38880690275
2024-12-11 16:43:11,0.38867812072
2024-12-11 16:43:16,0.38832517551999923
2024-12-11 16:43:21,0.38808342991999983
2024-12-11 16:43:26,0.3876443785999994
2024-12-11 16:43:31,0.38746546822000044
2024-12-11 16:43:36,0.38723832251999957
2024-12-11 16:43:41,0.3870540458000001
2024-12-11 16:43:46,0.38725266457999996
2024-12-11 16:43:51,0.38708698267999997
2024-12-11 16:43:56,0.38685768052000014
2024-12-11 16:44:01,0.38661646516000076
2024-12-11 16:44:06,0.3861812856000001
2024-12-11 16:44:11,0.3858492861199999
2024-12-11 16:44:16,0.38631825345999865
2024-12-11 16:44:21,0.3860129614500005
2024-12-11 16:44:26,0.38566809040000066
2024-12-11 16:44:31,0.3854074984799998
2024-12-11 16:44:36,0.38487285843000246
2024-12-11 16:44:41,0.39012122709999997
2024-12-11 16:44:46,0.3896547030399992
2024-12-11 16:44:51,0.3889241162400003
2024-12-11 16:44:56,0.3886466425999987
2024-12-11 16:45:01,0.38813159831999955
2024-12-11 16:45:06,0.3876011512000006
2024-12-11 16:45:11,0.3872241699
2024-12-11 16:45:16,0.38687237962999993
2024-12-11 16:45:21,0.3865882858799998
2024-12-11 16:45:26,0.3863422468699972
2024-12-11 16:45:31,0.3858468032399999
2024-12-11 16:45:36,0.38550561487999996
2024-12-11 16:45:41,0.3903975680999999
2024-12-11 16:45:46,0.3924277247599978
2024-12-11 16:45:51,0.4013378499199997
2024-12-11 16:45:56,0.40813482321999994
2024-12-11 16:46:01,0.40731883675000097
2024-12-11 16:46:06,0.40690385412999985
2024-12-11 16:46:11,0.40619940311999997
2024-12-11 16:46:16,0.40675371396000076
2024-12-11 16:46:21,0.4060815680399987
2024-12-11 16:46:26,0.40540535572999903
2024-12-11 16:46:31,0.4045993694
2024-12-11 16:46:36,0.4040415755
2024-12-11 16:46:41,0.40325243537999933
2024-12-11 16:46:46,0.40271633843999954
2024-12-11 16:46:51,0.4021161623599997
2024-12-11 16:46:56,0.4014580437799998
2024-12-11 16:47:01,0.40178278100000037
2024-12-11 16:47:06,0.40134389472999954
2024-12-11 16:47:11,0.4007631634000008
2024-12-11 16:47:16,0.40064999251000155
2024-12-11 16:47:21,0.40002997200000023
2024-12-11 16:47:26,0.40004888999999944
2024-12-11 16:47:31,0.39938093560000026
2024-12-11 16:47:36,0.4001129582000013
2024-12-11 16:47:41,0.39948281464000246
2024-12-11 16:47:46,0.39907552603000007
2024-12-11 16:47:51,0.398736632
2024-12-11 16:47:56,0.3983466320400001
2024-12-11 16:48:01,0.3975865449299931
2024-12-11 16:48:06,0.3968068396099988
2024-12-11 16:48:11,0.39624349168000056
2024-12-11 16:48:16,0.3962414312700008
2024-12-11 16:48:21,0.396330401829998
2024-12-11 16:48:26,0.396671975
2024-12-11 16:48:31,0.3961422576000038
2024-12-11 16:48:36,0.39567830047
2024-12-11 16:48:41,0.3951103240999988
2024-12-11 16:48:46,0.39433984760000024
2024-12-11 16:48:51,0.39392415175999995
2024-12-11 16:48:56,0.39340251313999997
2024-12-11 16:49:01,0.3930748821299985
2024-12-11 16:49:06,0.3923766114199999
2024-12-11 16:49:11,0.3914475966399999
2024-12-11 16:49:16,0.39105927252000006
2024-12-11 16:49:21,0.390728945899999
2024-12-11 16:49:26,0.390966472109999
2024-12-11 16:49:31,0.3905600520800001
2024-12-11 16:49:36,0.39013340095999977
2024-12-11 16:49:41,0.3897805595999979
2024-12-11 16:49:46,0.3892793043199998
2024-12-11 16:49:51,0.3886832924400001
2024-12-11 16:49:56,0.38817721431999924
2024-12-11 16:50:01,0.38762915108000007
2024-12-11 16:50:06,0.38740258751999934
2024-12-11 16:50:11,0.38857729711999905
2024-12-11 16:50:16,0.3892602262200018
2024-12-11 16:50:21,0.38870771660000136
2024-12-11 16:50:26,0.38828435727999905
2024-12-11 16:50:31,0.38772954071999566
2024-12-11 16:50:36,0.3876141538000001
2024-12-11 16:50:41,0.38741637894000014
2024-12-11 16:50:46,0.3871400747599996
2024-12-11 16:50:51,0.38750140846000053
2024-12-11 16:50:56,0.38721707200000005
2024-12-11 16:51:01,0.38725204089
2024-12-11 16:51:06,0.3869892893300003
2024-12-11 16:51:11,0.38688408206000136
2024-12-11 16:51:16,0.38661728675000057
2024-12-11 16:51:21,0.3861534270799999
2024-12-11 16:51:26,0.3861531591200001
2024-12-11 16:51:31,0.385803375750001
2024-12-11 16:51:36,0.3854850664199991
2024-12-11 16:51:41,0.3869933745299994
2024-12-11 16:51:46,0.38718582099999976
2024-12-11 16:51:51,0.38686751424000027
2024-12-11 16:51:56,0.38658783548
2024-12-11 16:52:01,0.3861480543600011
2024-12-11 16:52:06,0.3858270280200007
2024-12-11 16:52:11,0.3880856673500003
2024-12-11 16:52:16,0.3878943147600003
2024-12-11 16:52:21,0.3874822788999997
2024-12-11 16:52:26,0.38720255532999975
2024-12-11 16:52:31,0.38726251277999946
2024-12-11 16:52:36,0.38727686698
2024-12-11 16:52:41,0.38703412269999976
2024-12-11 16:52:46,0.38680341104000016
2024-12-11 16:52:51,0.38649913474000136
2024-12-11 16:52:56,0.386070285
2024-12-11 16:53:01,0.38577865560000013
2024-12-11 16:53:06,0.38543519600000065
2024-12-11 16:53:11,0.38503930449999985
2024-12-11 16:53:16,0.38538080767999966
2024-12-11 16:53:21,0.3854088402399999
2024-12-11 16:53:26,0.38500247970999935
2024-12-11 16:53:31,0.38451145391999997
2024-12-11 16:53:36,0.3843230039
2024-12-11 16:53:41,0.386583917
2024-12-11 16:53:46,0.3862512769600007
2024-12-11 16:53:51,0.39891316225
2024-12-11 16:53:56,0.3986000544499995
2024-12-11 16:54:01,0.3981765115
2024-12-11 16:54:06,0.39854957109999967
2024-12-11 16:54:11,0.39814027484
2024-12-11 16:54:16,0.39807204591999995
2024-12-11 16:54:21,0.3976329132200014
2024-12-11 16:54:26,0.3977224278700004
2024-12-11 16:54:31,0.39719014754999704
2024-12-11 16:54:36,0.39683574647999975
2024-12-11 16:54:41,0.39642535415
2024-12-11 16:54:46,0.39601393951999964
2024-12-11 16:54:51,0.39566524803999903
2024-12-11 16:54:56,0.39515132763999966
2024-12-11 16:55:01,0.3956430908800003
2024-12-11 16:55:06,0.3951438340799997
2024-12-11 16:55:11,0.39492808125
2024-12-11 16:55:16,0.3943860299900023
2024-12-11 16:55:21,0.3940619251100012
2024-12-11 16:55:26,0.3936793549199998
2024-12-11 16:55:31,0.393899834
2024-12-11 16:55:36,0.39484743115999976
2024-12-11 16:55:41,0.3943403769200002
2024-12-11 16:55:46,0.39404462530999845
2024-12-11 16:55:51,0.39494702865000014
2024-12-11 16:55:56,0.39442445036999907
2024-12-11 16:56:01,0.39409881935999963
2024-12-11 16:56:06,0.3938388456999999
2024-12-11 16:56:11,0.3949465144500002
2024-12-11 16:56:16,0.39505772169999986
2024-12-11 16:56:21,0.39507901172999904
2024-12-11 16:56:26,0.3945973855999999
2024-12-11 16:56:31,0.3941648772100009
2024-12-11 16:56:36,0.39403463051
2024-12-11 16:56:41,0.39930218748999996
2024-12-11 16:56:46,0.3988799379900001
2024-12-11 16:56:51,0.39855779139999864
2024-12-11 16:56:56,0.39812518463999974
2024-12-11 16:57:01,0.39925959180000015
2024-12-11 16:57:06,0.39886629428000037
2024-12-11 16:57:11,0.39853836160000083
2024-12-11 16:57:16,0.39824446720000206
2024-12-11 16:57:21,0.39775941133999987
2024-12-11 16:57:26,0.39749999165000033
2024-12-11 16:57:31,0.39715365629999705
2024-12-11 16:57:36,0.39683952398
2024-12-11 16:57:41,0.3965119181600001
2024-12-11 16:57:46,0.39611946319999974
2024-12-11 16:57:51,0.3960383054800001
2024-12-11 16:57:56,0.3957537251999997
2024-12-11 16:58:01,0.39550546139999904
2024-12-11 16:58:06,0.39515315569999965
2024-12-11 16:58:11,0.3948990471399993
2024-12-11 16:58:16,0.3946387141299992
2024-12-11 16:58:21,0.3943300332999998
2024-12-11 16:58:26,0.39410426549999966
2024-12-11 16:58:31,0.3939362249599995
2024-12-11 16:58:36,0.3936740022099999
2024-12-11 16:58:41,0.393459066
2024-12-11 16:58:46,0.39332476576999975
2024-12-11 16:58:51,0.3931551568500001
2024-12-11 16:58:56,0.39299340320000076
2024-12-11 16:59:01,0.39259659752000126
2024-12-11 16:59:06,0.3924297702799998
2024-12-11 16:59:11,0.39219689089000054
2024-12-11 16:59:16,0.3920062293100004
2024-12-11 16:59:21,0.3924369864400005
2024-12-11 16:59:26,0.3922021999000009
2024-12-11 16:59:31,0.3920628977999999
2024-12-11 16:59:36,0.3918490898499997
2024-12-11 16:59:41,0.39151056453999966
2024-12-11 16:59:46,0.39136831545000056
2024-12-11 16:59:51,0.3911946092799999
2024-12-11 16:59:56,0.391058986
2024-12-11 17:00:01,0.39099446503
2024-12-11 17:00:06,0.39089694769999983
2024-12-11 17:00:11,0.3907904746600001
2024-12-11 17:00:16,0.3907230035199999
2024-12-11 17:00:21,0.39062194643000075
2024-12-11 17:00:26,0.3905552175199991
2024-12-11 17:00:31,0.3904358679799998
2024-12-11 17:00:36,0.39038659346
2024-12-11 17:00:41,0.3902748793600008
2024-12-11 17:00:46,0.3901826100399997
2024-12-11 17:00:51,0.3901007448499998
2024-12-11 17:00:56,0.39000087121999977
2024-12-11 17:01:01,0.3899508912000003
2024-12-11 17:01:06,0.38987918428000007
2024-12-11 17:01:11,0.38981863591000004
2024-12-11 17:01:16,0.38977064386
2024-12-11 17:01:21,0.38973958016
2024-12-11 17:01:26,0.3896707321999997
2024-12-11 17:01:31,0.3896005810899999
2024-12-11 17:01:36,0.3895571765799981
2024-12-11 17:01:41,0.38952290408
2024-12-11 17:01:46,0.38950409199999986
2024-12-11 17:01:51,0.38948308212000005
2024-12-11 17:01:56,0.3894722992400001
2024-12-11 17:02:01,0.3894584260199986
2024-12-11 17:02:06,0.38943491225000004
2024-12-11 17:02:11,0.38938999475999936
2024-12-11 17:02:16,0.38943491599999996
2024-12-11 17:02:21,0.38938759307999943
2024-12-11 17:02:26,0.38937169907999986
2024-12-11 17:02:31,0.38929974273999857
2024-12-11 17:02:36,0.389264873
2024-12-11 17:02:41,0.3892129991700001
2024-12-11 17:02:46,0.38919250075
2024-12-11 17:02:51,0.38913150922000017
2024-12-11 17:02:56,0.3891100600400011
2024-12-11 17:03:01,0.3890672863599998
2024-12-11 17:03:06,0.38899813359999624
2024-12-11 17:03:11,0.38894567601999985
2024-12-11 17:03:16,0.3889109166899991
2024-12-11 17:03:21,0.3888928618299997
2024-12-11 17:03:26,0.38886125705999885
2024-12-11 17:03:31,0.38883736199999996
2024-12-11 17:03:36,0.3888146193199998
2024-12-11 17:03:41,0.3888063971
2024-12-11 17:03:46,0.3888030133199999
2024-12-11 17:03:51,0.38878768944000025
2024-12-11 17:03:56,0.3887778446900001
2024-12-11 17:04:01,0.38876767167000026
2024-12-11 17:04:06,0.3887561962399996
2024-12-11 17:04:11,0.388704114859998
2024-12-11 17:04:16,0.38867896575
2024-12-11 17:04:21,0.38867818274
2024-12-11 17:04:26,0.3886292624999996
2024-12-11 17:04:31,0.3886065668800001
2024-12-11 17:04:36,0.3885694843600012
2024-12-11 17:04:41,0.38853049823999986
2024-12-11 17:04:46,0.3885023655600009
2024-12-11 17:04:51,0.38848288310000006
2024-12-11 17:04:56,0.38844257355000095
2024-12-11 17:05:01,0.3884010766100022
2024-12-11 17:05:06,0.38835155206
2024-12-11 17:05:11,0.38832180410000056
2024-12-11 17:05:16,0.3882967519199999
2024-12-11 17:05:21,0.38826677864000175
2024-12-11 17:05:26,0.3881981211199993
2024-12-11 17:05:31,0.38816064742000017
2024-12-11 17:05:36,0.3881536324899998
2024-12-11 17:05:41,0.38808664263999987
2024-12-11 17:05:46,0.3880392947199966
2024-12-11 17:05:51,0.38802521491999964
2024-12-11 17:05:56,0.38801280390000015
2024-12-11 17:06:01,0.38799610510000093
2024-12-11 17:06:06,0.3879698103099999
2024-12-11 17:06:11,0.3879262198500002
2024-12-11 17:06:16,0.38788847772000007
2024-12-11 17:06:21,0.3878707633199999
2024-12-11 17:06:26,0.3878489749999996
2024-12-11 17:06:31,0.387805476690001
2024-12-11 17:06:36,0.38777427639999934
2024-12-11 17:06:41,0.3876881151999996
2024-12-11 17:06:46,0.38765988290000086
2024-12-11 17:06:51,0.38762905195999997
2024-12-11 17:06:56,0.3876218008999999
2024-12-11 17:07:01,0.3876157026899999
2024-12-11 17:07:06,0.3876131052400001
2024-12-11 17:07:11,0.3875990977599987
2024-12-11 17:07:16,0.3875377336000018
2024-12-11 17:07:21,0.3874983411999993
2024-12-11 17:07:26,0.3874822788999997
2024-12-11 17:07:31,0.38746313112000036
2024-12-11 17:07:36,0.38743662276000074
2024-12-11 17:07:41,0.3874278200800002
2024-12-11 17:07:46,0.3874128180499996
2024-12-11 17:07:51,0.3873558349299992
2024-12-11 17:07:56,0.38731080252000016
2024-12-11 17:08:01,0.38727970520000005
2024-12-11 17:08:06,0.38727436470000026
2024-12-11 17:08:11,0.3872572554399999
2024-12-11 17:08:16,0.3872523241799999
2024-12-11 17:08:21,0.3872377969000009
2024-12-11 17:08:26,0.3872249960999998
2024-12-11 17:08:31,0.3872060357600008
2024-12-11 17:08:36,0.3871930986500002
2024-12-11 17:08:41,0.38718477395999945
2024-12-11 17:08:46,0.38715248745999886
2024-12-11 17:08:51,0.3871189112799995
2024-12-11 17:08:56,0.38709278155000015
2024-12-11 17:09:01,0.3870690663600004
2024-12-11 17:09:06,0.3870338027499995
2024-12-11 17:09:11,0.3870188961999996
2024-12-11 17:09:16,0.3869968859599999
2024-12-11 17:09:21,0.38699090605000014
2024-12-11 17:09:26,0.38697411179000024
2024-12-11 17:09:31,0.38690612680999964
2024-12-11 17:09:36,0.38699578843999993
2024-12-11 17:09:41,0.3869886704599998
2024-12-11 17:09:46,0.38696469160999925
2024-12-11 17:09:51,0.3869032004299999
2024-12-11 17:09:56,0.38687234413999994
2024-12-11 17:10:01,0.3868683695
2024-12-11 17:10:06,0.3868566496299992
2024-12-11 17:10:11,0.3868291925400003
2024-12-11 17:10:16,0.3868191520199998
2024-12-11 17:10:21,0.38680842773999996
2024-12-11 17:10:26,0.386778129
2024-12-11 17:10:31,0.38676015764000043
2024-12-11 17:10:36,0.3867442512599998
2024-12-11 17:10:41,0.3867019156000001
2024-12-11 17:10:46,0.3866929128799999
2024-12-11 17:10:51,0.3866848332099999
2024-12-11 17:10:56,0.38665184940000025
2024-12-11 17:11:01,0.3866386401099997
2024-12-11 17:11:06,0.3866075946199994
2024-12-11 17:11:11,0.38659031783999925
2024-12-11 17:11:16,0.38658362576
2024-12-11 17:11:21,0.3865700380200001
2024-12-11 17:11:26,0.38653608200000084
2024-12-11 17:11:31,0.38651792840000015
2024-12-11 17:11:36,0.38648755681999897
2024-12-11 17:11:41,0.3864449575599999
2024-12-11 17:11:46,0.38633813353999874
2024-12-11 17:11:51,0.38629273839999984
2024-12-11 17:11:56,0.38625039147999995
2024-12-11 17:12:01,0.386210946200002
2024-12-11 17:12:06,0.38617489846999936
2024-12-11 17:12:11,0.3861549027199999
2024-12-11 17:12:16,0.386144796
2024-12-11 17:12:21,0.38612316589000034
2024-12-11 17:12:26,0.38608097093999927
2024-12-11 17:12:31,0.3860697484999999
2024-12-11 17:12:36,0.386063969
2024-12-11 17:12:41,0.38606195067999993
2024-12-11 17:12:46,0.3860507785399991
2024-12-11 17:12:51,0.3860281422000003
2024-12-11 17:12:56,0.38599819344
2024-12-11 17:13:01,0.385986042479999
2024-12-11 17:13:06,0.3859229857999988
2024-12-11 17:13:11,0.3858576115999986
2024-12-11 17:13:16,0.3858433958999999
2024-12-11 17:13:21,0.3858417488
2024-12-11 17:13:26,0.38582809286999925
2024-12-11 17:13:31,0.38580113644000014
2024-12-11 17:13:36,0.38579490376999986
2024-12-11 17:13:41,0.38578857674000006
2024-12-11 17:13:46,0.3857801733600001
2024-12-11 17:13:51,0.38577602154999996
2024-12-11 17:13:56,0.38574461356000306
2024-12-11 17:14:01,0.38566250320000084
2024-12-11 17:14:06,0.385626172
2024-12-11 17:14:11,0.38561170810000056
2024-12-11 17:14:16,0.38558645625000004
2024-12-11 17:14:21,0.38557882926000026
2024-12-11 17:14:26,0.38555997590999935
2024-12-11 17:14:31,0.3855162512000006
2024-12-11 17:14:36,0.38550379501999976
2024-12-11 17:14:41,0.3854977507600001
2024-12-11 17:14:46,0.38548920819999966
2024-12-11 17:14:51,0.38546327955000087
2024-12-11 17:14:56,0.38542321775
2024-12-11 17:15:01,0.3854112847999998
2024-12-11 17:15:06,0.3854076363799999
2024-12-11 17:15:11,0.38539568039999955
2024-12-11 17:15:16,0.38537790827999974
2024-12-11 17:15:21,0.38537032802999993
2024-12-11 17:15:26,0.38536388590000054
2024-12-11 17:15:31,0.38533928826000013
2024-12-11 17:15:36,0.38531842800000105
2024-12-11 17:15:41,0.3852800321099996
2024-12-11 17:15:46,0.3852703140000003
2024-12-11 17:15:51,0.38523304784999923
2024-12-11 17:15:56,0.3852016420500001
2024-12-11 17:16:01,0.38518686314000045
2024-12-11 17:16:06,0.3851522162199971
2024-12-11 17:16:11,0.38506287724999705
2024-12-11 17:16:16,0.38504552069999987
2024-12-11 17:16:21,0.38503488859999957
2024-12-11 17:16:26,0.3850030251599999
2024-12-11 17:16:31,0.3849887986999993
2024-12-11 17:16:36,0.38495458449999853
2024-12-11 17:16:41,0.3849240215
2024-12-11 17:16:46,0.3848795729599979
2024-12-11 17:16:51,0.38482246464999814
2024-12-11 17:16:56,0.38479581860000006
2024-12-11 17:17:01,0.38479058575
2024-12-11 17:17:06,0.38476726024000135
2024-12-11 17:17:11,0.3847305584499994
2024-12-11 17:17:16,0.3846891953899995
2024-12-11 17:17:21,0.3846718274200004
2024-12-11 17:17:26,0.38466584631999984
2024-12-11 17:17:31,0.3846372653600006
2024-12-11 17:17:36,0.3846083773099995
2024-12-11 17:17:41,0.38455863737000096
2024-12-11 17:17:46,0.3845225048899992
2024-12-11 17:17:51,0.38451012625
2024-12-11 17:17:56,0.38450532675999977
2024-12-11 17:18:01,0.3844788747800005
2024-12-11 17:18:06,0.38444223526000054
2024-12-11 17:18:11,0.38441109904000087
2024-12-11 17:18:16,0.38438900934
2024-12-11 17:18:21,0.3843756049599997
2024-12-11 17:18:26,0.3843565857399995
2024-12-11 17:18:31,0.384323796
2024-12-11 17:18:36,0.38432207271999996
2024-12-11 17:18:41,0.38428536061999996
2024-12-11 17:18:46,0.3842688801200001
2024-12-11 17:18:51,0.38424862475999855
2024-12-11 17:18:56,0.3842203416
2024-12-11 17:19:01,0.3842166385999999
2024-12-11 17:19:06,0.38418514342999993
2024-12-11 17:19:11,0.38417745175
2024-12-11 17:19:16,0.38415784073999987
2024-12-11 17:19:21,0.3841119661100002
2024-12-11 17:19:26,0.3840790352399999
2024-12-11 17:19:31,0.3840570814600001
2024-12-11 17:19:36,0.38401587020000016
2024-12-11 17:19:41,0.384003944
2024-12-11 17:19:46,0.3840156088399999
2024-12-11 17:19:51,0.38400291968000055
2024-12-11 17:19:56,0.38399379557000013
2024-12-11 17:20:01,0.38395113586000085
2024-12-11 17:20:06,0.38392054964999917
2024-12-11 17:20:11,0.38388694507999993
2024-12-11 17:20:16,0.38388159357000096
2024-12-11 17:20:21,0.3838337607499983
2024-12-11 17:20:26,0.38379693022999883
2024-12-11 17:20:31,0.3837507064999996
2024-12-11 17:20:36,0.383722155
2024-12-11 17:20:41,0.38369123821999934
2024-12-11 17:20:46,0.3836797011000001
2024-12-11 17:20:51,0.3836525246999963
2024-12-11 17:20:56,0.38357146164999834
2024-12-11 17:21:01,0.3835511661799998
2024-12-11 17:21:06,0.38353327130999976
2024-12-11 17:21:11,0.3834788382599988
2024-12-11 17:21:16,0.3834513856599997
2024-12-11 17:21:21,0.3834337225999999
2024-12-11 17:21:26,0.38339605734000043
2024-12-11 17:21:31,0.3833577087600001
2024-12-11 17:21:36,0.3833243475
2024-12-11 17:21:41,0.38329197052999997
2024-12-11 17:21:46,0.38328374522
2024-12-11 17:21:51,0.3832765420199999
2024-12-11 17:21:56,0.38326838760000015
2024-12-11 17:22:01,0.38318962669999995
2024-12-11 17:22:06,0.3831811719499994
2024-12-11 17:22:11,0.38315354596999923
2024-12-11 17:22:16,0.3831413989999996
2024-12-11 17:22:21,0.38310379301999825
2024-12-11 17:22:26,0.38309305398
2024-12-11 17:22:31,0.38300893540000325
2024-12-11 17:22:36,0.38299716360000013
2024-12-11 17:22:41,0.3829615797199994
2024-12-11 17:22:46,0.38292738674000026
2024-12-11 17:22:51,0.3829038801199991
2024-12-11 17:22:56,0.3828824372400001
2024-12-11 17:23:01,0.38287370794999986
2024-12-11 17:23:06,0.38283447685000055
2024-12-11 17:23:11,0.3828235204099999
2024-12-11 17:23:16,0.38281256119999973
2024-12-11 17:23:21,0.38277440753999986
2024-12-11 17:23:26,0.3827566603499999
2024-12-11 17:23:31,0.3827436135499996
2024-12-11 17:23:36,0.38273401921999994
2024-12-11 17:23:41,0.3827329448
2024-12-11 17:23:46,0.38271329972000034
2024-12-11 17:23:51,0.38269541120000045
2024-12-11 17:23:56,0.38267578514000017
2024-12-11 17:24:01,0.38264779085000156
2024-12-11 17:24:06,0.38261886535
2024-12-11 17:24:11,0.38258634904999994
2024-12-11 17:24:16,0.3825198120199963
2024-12-11 17:24:21,0.38244368370000115
2024-12-11 17:24:26,0.38239684124000034
2024-12-11 17:24:31,0.3823738113499999
2024-12-11 17:24:36,0.38234616532000004
2024-12-11 17:24:41,0.38234226018
2024-12-11 17:24:46,0.3823408260799999
2024-12-11 17:24:51,0.3823274042800002
2024-12-11 17:24:56,0.3823076701999999
2024-12-11 17:25:01,0.38228704702000027
2024-12-11 17:25:06,0.3822775587999994
2024-12-11 17:25:11,0.38226611824999995
2024-12-11 17:25:16,0.38224940037999977
2024-12-11 17:25:21,0.38223291585999974
2024-12-11 17:25:26,0.38222013136000016
2024-12-11 17:25:31,0.3822124283100001
2024-12-11 17:25:36,0.38214860801999545
2024-12-11 17:25:41,0.3820487309500018
2024-12-11 17:25:46,0.38203789974000013
2024-12-11 17:25:51,0.38200061504
2024-12-11 17:25:56,0.38199624439999985
2024-12-11 17:26:01,0.38196597079999983
2024-12-11 17:26:06,0.3819495298999984
2024-12-11 17:26:11,0.3819211352899998
2024-12-11 17:26:16,0.38189654358999936
2024-12-11 17:26:21,0.3818605565999997
2024-12-11 17:26:26,0.3818311926599998
2024-12-11 17:26:31,0.3818099306499999
2024-12-11 17:26:36,0.38179368604000014
2024-12-11 17:26:41,0.3817505633999999
2024-12-11 17:26:46,0.3817364892799981
2024-12-11 17:26:51,0.381606805649999
2024-12-11 17:26:56,0.3815839965
2024-12-11 17:27:01,0.3815766248999998
2024-12-11 17:27:06,0.38154571760000094
2024-12-11 17:27:11,0.3814451133200011
2024-12-11 17:27:16,0.38143822832
2024-12-11 17:27:21,0.3814186887400003
2024-12-11 17:27:26,0.38139215092999956
2024-12-11 17:27:31,0.3813728361999999
2024-12-11 17:27:36,0.3813593425200001
2024-12-11 17:27:41,0.38135314230000017
2024-12-11 17:27:46,0.3813367117400002
2024-12-11 17:27:51,0.3813177598500001
2024-12-11 17:27:56,0.38130232742000003
2024-12-11 17:28:01,0.38130232742000003
2024-12-11 17:28:06,0.38130232742000003
2024-12-11 17:28:11,0.38130232742000003
2024-12-11 17:28:16,0.38130232742000003
2024-12-11 17:28:21,0.38130232742000003
2024-12-11 17:28:26,0.38130232742000003
2024-12-11 17:28:31,0.38130232742000003
2024-12-11 17:28:36,0.38130232742000003
2024-12-11 17:28:41,0.38130232742000003
2024-12-11 17:28:46,0.38130232742000003
2024-12-11 17:28:51,0.38130232742000003
2024-12-11 17:28:56,0.38130232742000003
2024-12-11 16:10:21,0.20882160930000002
2024-12-11 16:10:26,0.20466706872000004
2024-12-11 16:10:31,0.20404378422000005
2024-12-11 16:10:36,0.20404378422000005
2024-12-11 16:10:41,0.20404378422000005
2024-12-11 16:10:46,0.2267958969999999
2024-12-11 16:10:51,0.2267958969999999
2024-12-11 16:10:56,0.2267958969999999
2024-12-11 16:11:01,0.2267958969999999
2024-12-11 16:11:06,0.2267958969999999
2024-12-11 16:11:11,0.23690649249999982
2024-12-11 16:11:16,0.24498528914000015
2024-12-11 16:11:21,0.24498528914000015
2024-12-11 16:11:26,0.23461113124
2024-12-11 16:11:31,0.24151322776000003
2024-12-11 16:11:36,0.24151322776000003
2024-12-11 16:11:41,0.24151322776000003
2024-12-11 16:11:46,0.24151322776000003
2024-12-11 16:11:51,0.24151322776000003
2024-12-11 16:11:56,0.24151322776000003
2024-12-11 16:12:01,0.24151322776000003
2024-12-11 16:12:06,0.24151322776000003
2024-12-11 16:12:11,0.24151322776000003
2024-12-11 16:12:16,0.24151322776000003
2024-12-11 16:12:21,0.24589264068000055
2024-12-11 16:12:26,0.23777657499999996
2024-12-11 16:12:31,0.23440691780000003
2024-12-11 16:12:36,0.22639550767999989
2024-12-11 16:12:41,0.22531336011999994
2024-12-11 16:12:46,0.22452020970999992
2024-12-11 16:12:51,0.22440456230999997
2024-12-11 16:12:56,0.22376381653999997
2024-12-11 16:13:01,0.22376381653999997
2024-12-11 16:13:06,0.21821460955999905
2024-12-11 16:13:11,0.21742330499999987
2024-12-11 16:13:16,0.21647820276000018
2024-12-11 16:13:21,0.21579592839999998
2024-12-11 16:13:26,0.21559668488
2024-12-11 16:13:31,0.21193684632999948
2024-12-11 16:13:36,0.21193684632999948
2024-12-11 16:13:41,0.21025405208000003
2024-12-11 16:13:46,0.20994267444000003
2024-12-11 16:13:51,0.20830903554000002
2024-12-11 16:13:56,0.20830903554000002
2024-12-11 16:14:01,0.20741305644000002
2024-12-11 16:14:06,0.20647981033999993
2024-12-11 16:14:11,0.20577231016000003
2024-12-11 16:14:16,0.20554587965999996
2024-12-11 16:14:21,0.20530139309999995
2024-12-11 16:14:26,0.20530139309999995
2024-12-11 16:14:31,0.20506391532000004
2024-12-11 16:14:36,0.2042856518999997
2024-12-11 16:14:41,0.20262508426000017
2024-12-11 16:14:46,0.20187202980000005
2024-12-11 16:14:51,0.20154932444
2024-12-11 16:14:56,0.20143213466
2024-12-11 16:15:01,0.2006059107000002
2024-12-11 16:15:06,0.19959299592000004
2024-12-11 16:15:11,0.19959299592000004
2024-12-11 16:15:16,0.19959299592000004
2024-12-11 16:15:21,0.19959299592000004
2024-12-11 16:15:26,0.19959299592000004
2024-12-11 16:15:31,0.19959299592000004
2024-12-11 16:15:36,0.19959299592000004
2024-12-11 16:15:41,0.19959299592000004
2024-12-11 16:15:46,0.19959299592000004
2024-12-11 16:15:51,0.19947965528000014
2024-12-11 16:15:56,0.19927321340000007
2024-12-11 16:16:01,0.19890411458000018
2024-12-11 16:16:06,0.19865492927999992
2024-12-11 16:16:11,0.19842773683999992
2024-12-11 16:16:16,0.19842773683999992
2024-12-11 16:16:21,0.19842773683999992
2024-12-11 16:16:26,0.19840441466000006
2024-12-11 16:16:31,0.19831566019999997
2024-12-11 16:16:36,0.1982482437
2024-12-11 16:16:41,0.19824778558
2024-12-11 16:16:46,0.19824778558
2024-12-11 16:16:51,0.19824778558
2024-12-11 16:16:56,0.19824778558
2024-12-11 16:17:01,0.19824778558
2024-12-11 16:17:06,0.19824778558
2024-12-11 16:17:11,0.19824778558
2024-12-11 16:17:16,0.19824778558
2024-12-11 16:17:21,0.19824778558
2024-12-11 16:17:26,0.19824778558
2024-12-11 16:17:31,0.19824778558
2024-12-11 16:17:36,0.19824778558
2024-12-11 16:17:41,0.19824778558
2024-12-11 16:17:46,0.19824778558
2024-12-11 16:17:51,0.19824778558
2024-12-11 16:17:56,0.19824778558
2024-12-11 16:18:01,0.19824778558
2024-12-11 16:18:06,0.19824778558
2024-12-11 16:18:11,0.19824778558
2024-12-11 16:18:16,0.19824778558
2024-12-11 16:18:21,0.19824778558
2024-12-11 16:18:26,0.19824778558
2024-12-11 16:18:31,0.19824778558
2024-12-11 16:18:36,0.19824778558
2024-12-11 16:18:41,0.19824778558
2024-12-11 16:18:46,0.19824778558
2024-12-11 16:18:51,0.19824778558
2024-12-11 16:18:56,0.19824778558
2024-12-11 16:19:01,0.19824778558
2024-12-11 16:19:06,0.19824778558
2024-12-11 16:19:11,0.19824778558
2024-12-11 16:19:16,0.19824778558
2024-12-11 16:19:21,0.19824778558
2024-12-11 16:19:26,0.19824778558
2024-12-11 16:19:31,0.19824778558
2024-12-11 16:19:36,0.19824778558
2024-12-11 16:19:41,0.19824778558
2024-12-11 16:19:46,0.19824778558
2024-12-11 16:19:51,0.19824778558
2024-12-11 16:19:56,0.19824778558
2024-12-11 16:20:01,0.19824778558
2024-12-11 16:20:06,0.19824778558
2024-12-11 16:20:11,0.19824778558
2024-12-11 16:20:16,0.19824778558
2024-12-11 16:20:21,0.19824778558
2024-12-11 16:20:26,0.19824778558
2024-12-11 16:20:31,0.19824778558
2024-12-11 16:20:36,0.19824778558
2024-12-11 16:20:41,0.19824778558
2024-12-11 16:20:46,0.19824778558
2024-12-11 16:20:51,0.19824778558
2024-12-11 16:20:56,0.19824778558
2024-12-11 16:21:01,0.19824778558
2024-12-11 16:21:06,0.19824778558
2024-12-11 16:21:11,0.19824778558
2024-12-11 16:21:16,0.19824778558
2024-12-11 16:21:21,0.19824778558
2024-12-11 16:21:26,0.19824778558
2024-12-11 16:21:31,0.19824778558
2024-12-11 16:21:36,0.19824778558
